url,label
https://wikipedia.org/pricing,0
https://wordpress.org/,0
http://153.122.68.248/chase/confirm.php?session=4728,1
https://www.microsoft.com/blog/2026/updates,0
http://t.co/Pk3mN,1
http://microsoft-recover-secure.com-recover.top/recover.html,1
https://www.microsoft.com/search?q=news,0
https://nytimes.com/docs/api,0
http://chase-recover-secure.com-recover.tk/recover.html,1
https://www.salesforce.com/contact,0
http://paypalwebscr.gq/index.php?cmd=_webscr&user=user45&token=93318,1
https://netflix.com/about,0
https://www.adobe.com/contact,0
https://docs.bbc.com/,0
http://applewebscr.top/index.php?cmd=_webscr&user=user143&token=45247,1
https://docs.linkedin.com/docs/api,0
https://docs.microsoft.com/,0
http://chase-account-support.com-account.top/account.html,1
http://45.231.183.114/apple/verify.php?session=2438,1
https://www.spotify.com/user/settings,0
https://www.github.com/pricing,0
https://www.bbc.com/about,0
https://www.salesforce.com/about,0
http://bankofamerica-verify-online.com-verify.tk/verify.html,1
https://www.wikipedia.org/docs/api,0
https://www.mozilla.org/about,0
http://9.74.105.47/paypal/verify.php?session=3218,1
http://amazon-login.account-center.buzz/login,1
http://bit.ly/Pk3mN,1
https://docs.apple.com/contact,0
https://mozilla.org/docs/api,0
http://chase-webscr.account-center.xyz/webscr,1
https://www.bbc.com/blog/2026/updates,0
http://amazonupdate.info/index.php?cmd=_update&user=user452&token=51116,1
http://bankofamerica-secure.secure-check.top/secure,1
https://www.wordpress.org/help/faq,0
http://netflix-recover.account-center.top/recover,1
http://netflix-signin-online.com-signin.xyz/signin.html,1
http://is.gd/Pk3mN,1
http://16.102.71.49/microsoft/recover.php?session=3001,1
https://www.netflix.com/contact,0
http://paypal-webscr.secure-check.gq/webscr,1
https://netflix.com/docs/api,0
http://cutt.ly/Pk3mN,1
https://bbc.com/,0
https://python.org/pricing,0
http://bankofamerica-update.secure-check.tk/update,1
http://paypal-verify-support.com-verify.top/verify.html,1
http://netflix-account.verify-now.ru/account,1
http://chaseaccount.info/index.php?cmd=_account&user=user650&token=45825,1
https://salesforce.com/blog/2026/updates,0
https://salesforce.com/user/settings,0
http://wellsfargo-signin.secure-check.info/signin,1
https://mozilla.org/help/faq,0
http://bankofamerica-update-secure.com-update.buzz/update.html,1
https://python.org/about,0
https://spotify.com/blog/2026/updates,0
http://appleaccount.tk/index.php?cmd=_account&user=user167&token=61505,1
https://stackoverflow.com/docs/api,0
https://linkedin.com/contact,0
https://www.cloudflare.com/search?q=news,0
http://chaseaccount.xyz/index.php?cmd=_account&user=user692&token=40647,1
https://adobe.com/products/list,0
http://chase-signin.verify-now.gq/signin,1
https://netflix.com/user/settings,0
https://salesforce.com/,0
http://paypalconfirm.info/index.php?cmd=_confirm&user=user185&token=45818,1
http://is.gd/Pk3mN,1
https://salesforce.com/help/faq,0
http://t.co/a1B2c3,1
https://www.salesforce.com/pricing,0
http://tinyurl.com/a1B2c3,1
https://wordpress.org/docs/api,0
https://docs.cloudflare.com/help/faq,0
https://apple.com/products/list,0
http://amazon-secure-secure.com-secure.info/secure.html,1
http://tinyurl.com/a1B2c3,1
https://docs.cloudflare.com/docs/api,0
https://www.wordpress.org/help/faq,0
https://www.adobe.com/blog/2026/updates,0
http://paypalconfirm.tk/index.php?cmd=_confirm&user=user710&token=40972,1
https://www.python.org/,0
http://chaseverify.xyz/index.php?cmd=_verify&user=user874&token=95814,1
https://amazon.com/products/list,0
https://docs.adobe.com/pricing,0
https://linkedin.com/pricing,0
https://reddit.com/about,0
https://docs.apple.com/,0
https://apple.com/pricing,0
https://www.wordpress.org/products/list,0
https://bbc.com/pricing,0
http://98.153.136.76/apple/confirm.php?session=8433,1
http://amazon-verify.secure-check.top/verify,1
https://www.stackoverflow.com/blog/2026/updates,0
https://docs.dropbox.com/contact,0
http://wellsfargo-secure-secure.com-secure.tk/secure.html,1
http://amazonrecover.click/index.php?cmd=_recover&user=user928&token=55793,1
https://microsoft.com/about,0
https://spotify.com/blog/2026/updates,0
http://bankofamerica-webscr.account-center.ru/webscr,1
https://docs.google.com/blog/2026/updates,0
http://is.gd/xY9zQ,1
https://www.apple.com/pricing,0
http://paypalconfirm.top/index.php?cmd=_confirm&user=user134&token=80807,1
https://microsoft.com/user/settings,0
https://www.reddit.com/blog/2026/updates,0
http://paypalsignin.click/index.php?cmd=_signin&user=user330&token=89299,1
https://nytimes.com/blog/2026/updates,0
http://bankofamerica-confirm-secure.com-confirm.gq/confirm.html,1
https://google.com/pricing,0
https://google.com/blog/2026/updates,0
http://cutt.ly/a1B2c3,1
http://microsoft-verify.account-center.gq/verify,1
https://www.google.com/search?q=news,0
http://amazon-login.account-center.top/login,1
http://135.106.197.105/netflix/webscr.php?session=2208,1
https://cloudflare.com/blog/2026/updates,0
http://wellsfargo-verify-online.com-verify.info/verify.html,1
http://microsoft-signin-online.com-signin.info/signin.html,1
http://amazonsecure.xyz/index.php?cmd=_secure&user=user404&token=58915,1
https://www.stackoverflow.com/pricing,0
http://99.254.170.203/microsoft/signin.php?session=3492,1
https://www.dropbox.com/docs/api,0
https://docs.google.com/pricing,0
https://www.wordpress.org/search?q=news,0
https://www.salesforce.com/search?q=news,0
http://amazonsignin.click/index.php?cmd=_signin&user=user969&token=90623,1
http://wellsfargo-account.account-center.top/account,1
http://239.7.107.14/bankofamerica/signin.php?session=7495,1
https://www.dropbox.com/about,0
https://docs.reddit.com/,0
http://bankofamerica-webscr.account-center.click/webscr,1
http://t.co/a1B2c3,1
http://chase-secure-secure.com-secure.buzz/secure.html,1
https://www.bbc.com/products/list,0
http://chase-secure.account-center.buzz/secure,1
http://chaserecover.buzz/index.php?cmd=_recover&user=user844&token=40102,1
http://wellsfargologin.gq/index.php?cmd=_login&user=user136&token=77272,1
https://bbc.com/docs/api,0
https://docs.google.com/about,0
http://cutt.ly/xY9zQ,1
https://www.netflix.com/,0
http://wellsfargo-confirm-secure.com-confirm.gq/confirm.html,1
http://is.gd/xY9zQ,1
http://chase-secure.account-center.xyz/secure,1
http://153.226.216.168/paypal/confirm.php?session=8710,1
https://spotify.com/help/faq,0
http://cutt.ly/a1B2c3,1
http://netflixupdate.buzz/index.php?cmd=_update&user=user633&token=93753,1
http://microsoft-verify-secure.com-verify.buzz/verify.html,1
http://amazon-signin.verify-now.buzz/signin,1
http://bankofamericaconfirm.gq/index.php?cmd=_confirm&user=user926&token=35430,1
https://www.wordpress.org/blog/2026/updates,0
http://bit.ly/a1B2c3,1
https://stackoverflow.com/about,0
https://docs.amazon.com/docs/api,0
http://is.gd/a1B2c3,1
https://www.python.org/search?q=news,0
https://docs.google.com/search?q=news,0
https://salesforce.com/user/settings,0
https://www.reddit.com/docs/api,0
http://248.62.56.150/chase/recover.php?session=6781,1
https://github.com/contact,0
https://www.netflix.com/contact,0
https://wikipedia.org/about,0
http://microsoftwebscr.tk/index.php?cmd=_webscr&user=user666&token=46528,1
https://docs.netflix.com/search?q=news,0
https://salesforce.com/user/settings,0
https://spotify.com/blog/2026/updates,0
http://microsoftupdate.top/index.php?cmd=_update&user=user511&token=77466,1
https://bbc.com/products/list,0
http://chasesecure.top/index.php?cmd=_secure&user=user180&token=20350,1
https://nytimes.com/about,0
http://paypal-login-secure.com-login.buzz/login.html,1
http://microsoftverify.buzz/index.php?cmd=_verify&user=user883&token=15544,1
http://41.104.176.129/amazon/signin.php?session=6095,1
https://netflix.com/help/faq,0
https://docs.bbc.com/about,0
https://docs.cloudflare.com/,0
http://cutt.ly/xY9zQ,1
https://stackoverflow.com/contact,0
https://www.cloudflare.com/help/faq,0
https://www.reddit.com/pricing,0
http://165.245.78.124/wellsfargo/recover.php?session=5012,1
https://nytimes.com/blog/2026/updates,0
http://wellsfargo-signin-support.com-signin.buzz/signin.html,1
https://bbc.com/blog/2026/updates,0
http://tinyurl.com/xY9zQ,1
http://chase-confirm-online.com-confirm.info/confirm.html,1
https://reddit.com/search?q=news,0
https://salesforce.com/search?q=news,0
http://cutt.ly/a1B2c3,1
http://200.22.186.231/netflix/webscr.php?session=4977,1
http://apple-update.secure-check.gq/update,1
http://netflixupdate.xyz/index.php?cmd=_update&user=user85&token=45123,1
http://tinyurl.com/a1B2c3,1
https://www.python.org/pricing,0
http://chasewebscr.top/index.php?cmd=_webscr&user=user398&token=41831,1
https://bbc.com/blog/2026/updates,0
http://netflix-webscr-support.com-webscr.ru/webscr.html,1
http://appleverify.ru/index.php?cmd=_verify&user=user792&token=64387,1
http://is.gd/xY9zQ,1
https://reddit.com/user/settings,0
http://amazon-signin.verify-now.ru/signin,1
https://www.wikipedia.org/,0
http://apple-secure.verify-now.tk/secure,1
http://bankofamericaaccount.ru/index.php?cmd=_account&user=user76&token=60639,1
http://t.co/Pk3mN,1
https://bbc.com/search?q=news,0
https://adobe.com/pricing,0
https://docs.reddit.com/search?q=news,0
https://nytimes.com/blog/2026/updates,0
http://microsoft-confirm-support.com-confirm.info/confirm.html,1
https://google.com/blog/2026/updates,0
https://spotify.com/user/settings,0
http://microsoftupdate.buzz/index.php?cmd=_update&user=user84&token=59140,1
https://docs.nytimes.com/user/settings,0
https://www.amazon.com/products/list,0
https://docs.google.com/contact,0
http://is.gd/a1B2c3,1
https://docs.amazon.com/,0
http://amazon-signin-secure.com-signin.tk/signin.html,1
http://238.252.86.73/paypal/confirm.php?session=8444,1
https://www.github.com/products/list,0
http://amazon-login.verify-now.buzz/login,1
https://www.nytimes.com/help/faq,0
http://microsoft-recover-online.com-recover.tk/recover.html,1
https://docs.microsoft.com/blog/2026/updates,0
http://45.34.98.137/paypal/signin.php?session=4770,1
http://apple-verify-secure.com-verify.tk/verify.html,1
http://wellsfargo-signin-online.com-signin.tk/signin.html,1
http://bit.ly/Pk3mN,1
http://tinyurl.com/xY9zQ,1
https://github.com/products/list,0
https://netflix.com/products/list,0
https://www.spotify.com/help/faq,0
https://www.reddit.com/pricing,0
http://bit.ly/Pk3mN,1
http://netflix-login.verify-now.ru/login,1
http://apple-account.account-center.click/account,1
http://microsoft-recover.secure-check.click/recover,1
https://docs.spotify.com/pricing,0
https://microsoft.com/docs/api,0
http://netflix-secure.verify-now.xyz/secure,1
http://microsoftrecover.ru/index.php?cmd=_recover&user=user851&token=31567,1
http://bit.ly/a1B2c3,1
http://26.153.9.115/bankofamerica/update.php?session=1797,1
https://docs.microsoft.com/contact,0
https://dropbox.com/pricing,0
http://is.gd/xY9zQ,1
http://wellsfargo-confirm.secure-check.gq/confirm,1
https://wikipedia.org/docs/api,0
https://www.spotify.com/blog/2026/updates,0
http://wellsfargo-signin.secure-check.top/signin,1
http://bankofamerica-login.account-center.xyz/login,1
http://netflix-account.account-center.ru/account,1
https://www.spotify.com/search?q=news,0
http://124.119.53.88/apple/signin.php?session=3353,1
http://231.21.83.156/wellsfargo/signin.php?session=3430,1
http://wellsfargo-login.secure-check.top/login,1
https://docs.apple.com/,0
https://www.bbc.com/docs/api,0
https://github.com/blog/2026/updates,0
http://bit.ly/a1B2c3,1
https://www.reddit.com/help/faq,0
https://docs.bbc.com/blog/2026/updates,0
http://198.149.189.194/microsoft/update.php?session=6447,1
http://148.76.180.76/bankofamerica/webscr.php?session=1359,1
https://adobe.com/,0
https://apple.com/pricing,0
https://www.wikipedia.org/about,0
http://tinyurl.com/xY9zQ,1
https://www.github.com/products/list,0
http://chasesecure.buzz/index.php?cmd=_secure&user=user671&token=22978,1
http://wellsfargo-login-online.com-login.info/login.html,1
http://chasewebscr.buzz/index.php?cmd=_webscr&user=user297&token=25096,1
http://tinyurl.com/Pk3mN,1
https://www.linkedin.com/products/list,0
http://is.gd/xY9zQ,1
https://www.salesforce.com/user/settings,0
https://docs.amazon.com/products/list,0
https://wikipedia.org/user/settings,0
https://wikipedia.org/docs/api,0
https://python.org/,0
https://www.google.com/docs/api,0
http://amazon-webscr.secure-check.tk/webscr,1
https://docs.dropbox.com/user/settings,0
http://wellsfargo-update-online.com-update.tk/update.html,1
https://stackoverflow.com/pricing,0
https://www.google.com/pricing,0
https://docs.netflix.com/docs/api,0
https://docs.netflix.com/user/settings,0
http://chasesecure.click/index.php?cmd=_secure&user=user821&token=89254,1
https://www.dropbox.com/help/faq,0
http://bankofamericawebscr.tk/index.php?cmd=_webscr&user=user394&token=28343,1
http://microsoft-webscr-online.com-webscr.gq/webscr.html,1
https://linkedin.com/user/settings,0
https://www.adobe.com/,0
http://paypalrecover.gq/index.php?cmd=_recover&user=user424&token=17104,1
https://docs.bbc.com/search?q=news,0
https://docs.nytimes.com/contact,0
http://paypal-confirm.account-center.buzz/confirm,1
http://57.246.35.123/netflix/account.php?session=3509,1
http://amazon-verify-secure.com-verify.xyz/verify.html,1
http://123.54.223.233/bankofamerica/recover.php?session=6455,1
http://is.gd/xY9zQ,1
https://www.amazon.com/help/faq,0
http://121.133.167.114/netflix/login.php?session=5557,1
http://234.236.45.107/amazon/update.php?session=3880,1
https://docs.github.com/products/list,0
http://apple-secure.secure-check.xyz/secure,1
http://paypal-login.account-center.ru/login,1
https://docs.python.org/about,0
http://microsoft-confirm.secure-check.buzz/confirm,1
http://netflix-login.account-center.gq/login,1
http://bankofamericawebscr.gq/index.php?cmd=_webscr&user=user910&token=39949,1
http://bit.ly/a1B2c3,1
http://apple-login-secure.com-login.gq/login.html,1
https://github.com/search?q=news,0
http://amazon-confirm-support.com-confirm.click/confirm.html,1
https://www.microsoft.com/docs/api,0
http://wellsfargo-login-online.com-login.gq/login.html,1
https://netflix.com/blog/2026/updates,0
https://www.github.com/contact,0
https://docs.linkedin.com/help/faq,0
https://www.mozilla.org/products/list,0
http://microsoft-webscr-support.com-webscr.gq/webscr.html,1
https://dropbox.com/blog/2026/updates,0
https://www.apple.com/about,0
http://amazonconfirm.buzz/index.php?cmd=_confirm&user=user659&token=53054,1
https://apple.com/blog/2026/updates,0
https://microsoft.com/help/faq,0
http://112.60.215.20/microsoft/login.php?session=6580,1
https://www.amazon.com/docs/api,0
http://applewebscr.xyz/index.php?cmd=_webscr&user=user307&token=31292,1
http://amazon-recover-online.com-recover.top/recover.html,1
http://141.241.187.156/netflix/update.php?session=9647,1
https://nytimes.com/products/list,0
http://amazon-account-online.com-account.top/account.html,1
http://chaseverify.top/index.php?cmd=_verify&user=user759&token=92991,1
https://docs.amazon.com/search?q=news,0
https://www.stackoverflow.com/docs/api,0
https://docs.github.com/pricing,0
https://netflix.com/contact,0
https://apple.com/help/faq,0
https://www.wordpress.org/about,0
https://www.linkedin.com/contact,0
https://linkedin.com/pricing,0
http://microsoftsignin.buzz/index.php?cmd=_signin&user=user322&token=32699,1
http://91.224.171.241/microsoft/verify.php?session=7929,1
http://amazon-secure-support.com-secure.top/secure.html,1
http://192.123.55.52/microsoft/signin.php?session=9824,1
https://www.adobe.com/user/settings,0
http://chase-signin.verify-now.tk/signin,1
https://www.spotify.com/user/settings,0
https://docs.netflix.com/pricing,0
http://netflix-update-support.com-update.buzz/update.html,1
http://bankofamericalogin.top/index.php?cmd=_login&user=user516&token=47914,1
http://bankofamerica-account.account-center.click/account,1
http://wellsfargosecure.gq/index.php?cmd=_secure&user=user280&token=35272,1
https://adobe.com/docs/api,0
https://docs.mozilla.org/docs/api,0
http://wellsfargo-secure.verify-now.info/secure,1
https://www.google.com/about,0
https://www.wordpress.org/help/faq,0
http://bit.ly/Pk3mN,1
http://wellsfargosecure.gq/index.php?cmd=_secure&user=user552&token=73483,1
http://microsoft-recover-secure.com-recover.ru/recover.html,1
https://stackoverflow.com/products/list,0
http://paypal-verify.account-center.ru/verify,1
https://microsoft.com/contact,0
https://wikipedia.org/about,0
http://is.gd/Pk3mN,1
https://www.netflix.com/help/faq,0
https://github.com/search?q=news,0
http://tinyurl.com/Pk3mN,1
http://chaseupdate.gq/index.php?cmd=_update&user=user935&token=86435,1
http://paypal-account-online.com-account.top/account.html,1
https://wordpress.org/products/list,0
http://chaseaccount.gq/index.php?cmd=_account&user=user894&token=80912,1
https://www.github.com/blog/2026/updates,0
http://t.co/xY9zQ,1
https://nytimes.com/,0
https://www.google.com/contact,0
https://www.adobe.com/blog/2026/updates,0
http://netflix-secure.secure-check.gq/secure,1
http://chase-secure.secure-check.top/secure,1
http://microsoftconfirm.buzz/index.php?cmd=_confirm&user=user478&token=79946,1
http://t.co/Pk3mN,1
https://www.nytimes.com/blog/2026/updates,0
http://106.36.216.162/amazon/login.php?session=4791,1
http://amazon-update-secure.com-update.info/update.html,1
https://www.spotify.com/search?q=news,0
https://python.org/,0
http://tinyurl.com/Pk3mN,1
https://docs.stackoverflow.com/pricing,0
https://docs.wikipedia.org/,0
https://docs.wordpress.org/docs/api,0
http://apple-recover-secure.com-recover.gq/recover.html,1
https://wikipedia.org/user/settings,0
http://wellsfargo-recover-support.com-recover.top/recover.html,1
http://153.154.201.84/amazon/account.php?session=7311,1
http://microsoftwebscr.buzz/index.php?cmd=_webscr&user=user153&token=49306,1
http://t.co/Pk3mN,1
https://netflix.com/,0
http://191.17.122.115/apple/webscr.php?session=6931,1
http://138.32.117.95/chase/login.php?session=5295,1
https://www.spotify.com/blog/2026/updates,0
http://t.co/Pk3mN,1
http://t.co/Pk3mN,1
https://dropbox.com/pricing,0
http://paypal-login-secure.com-login.info/login.html,1
http://amazonrecover.xyz/index.php?cmd=_recover&user=user292&token=20993,1
http://cutt.ly/Pk3mN,1
http://wellsfargo-recover-secure.com-recover.buzz/recover.html,1
http://amazon-secure-online.com-secure.gq/secure.html,1
https://www.stackoverflow.com/products/list,0
http://65.83.30.249/wellsfargo/verify.php?session=7622,1
https://apple.com/contact,0
http://microsoft-account.verify-now.buzz/account,1
https://cloudflare.com/about,0
https://docs.spotify.com/docs/api,0
http://248.217.206.143/apple/update.php?session=6992,1
https://www.apple.com/search?q=news,0
http://amazonaccount.click/index.php?cmd=_account&user=user478&token=26059,1
https://linkedin.com/contact,0
http://netflix-account-online.com-account.ru/account.html,1
https://www.mozilla.org/help/faq,0
https://docs.dropbox.com/about,0
http://166.66.184.48/microsoft/secure.php?session=1230,1
https://github.com/docs/api,0
http://169.160.185.231/apple/secure.php?session=6531,1
https://cloudflare.com/,0
https://docs.amazon.com/help/faq,0
https://docs.dropbox.com/search?q=news,0
http://5.129.209.179/netflix/recover.php?session=8054,1
http://tinyurl.com/xY9zQ,1
http://52.12.203.52/wellsfargo/login.php?session=1686,1
http://bankofamericasignin.tk/index.php?cmd=_signin&user=user264&token=74044,1
http://13.249.89.242/apple/webscr.php?session=7244,1
http://netflixaccount.gq/index.php?cmd=_account&user=user726&token=83783,1
http://t.co/xY9zQ,1
http://tinyurl.com/xY9zQ,1
https://amazon.com/pricing,0
https://wordpress.org/pricing,0
https://docs.nytimes.com/help/faq,0
http://bit.ly/a1B2c3,1
https://www.python.org/,0
https://github.com/products/list,0
http://apple-webscr-online.com-webscr.click/webscr.html,1
http://tinyurl.com/a1B2c3,1
https://www.linkedin.com/,0
https://docs.google.com/products/list,0
https://www.salesforce.com/about,0
http://netflix-login-online.com-login.info/login.html,1
http://232.8.12.84/wellsfargo/secure.php?session=1919,1
https://mozilla.org/search?q=news,0
https://adobe.com/help/faq,0
http://amazon-recover-secure.com-recover.gq/recover.html,1
https://www.netflix.com/search?q=news,0
http://paypalaccount.xyz/index.php?cmd=_account&user=user338&token=22387,1
https://docs.salesforce.com/docs/api,0
https://docs.adobe.com/blog/2026/updates,0
https://cloudflare.com/about,0
https://cloudflare.com/blog/2026/updates,0
https://www.bbc.com/blog/2026/updates,0
https://dropbox.com/docs/api,0
https://www.linkedin.com/about,0
https://stackoverflow.com/products/list,0
http://is.gd/a1B2c3,1
https://www.dropbox.com/pricing,0
http://97.108.117.88/amazon/recover.php?session=3578,1
https://www.github.com/docs/api,0
http://bankofamerica-verify.verify-now.gq/verify,1
http://paypal-recover-online.com-recover.tk/recover.html,1
https://www.github.com/about,0
http://bankofamerica-signin.account-center.ru/signin,1
http://38.211.175.63/wellsfargo/secure.php?session=1517,1
http://162.132.148.62/wellsfargo/recover.php?session=3352,1
https://nytimes.com/user/settings,0
https://apple.com/blog/2026/updates,0
http://amazon-update-secure.com-update.gq/update.html,1
http://t.co/xY9zQ,1
https://docs.apple.com/user/settings,0
https://docs.wordpress.org/docs/api,0
https://wordpress.org/blog/2026/updates,0
https://nytimes.com/products/list,0
https://www.cloudflare.com/about,0
http://bit.ly/Pk3mN,1
http://bit.ly/a1B2c3,1
https://www.spotify.com/products/list,0
https://docs.nytimes.com/search?q=news,0
https://python.org/blog/2026/updates,0
http://apple-webscr-support.com-webscr.click/webscr.html,1
http://microsoft-account.account-center.click/account,1
https://cloudflare.com/about,0
https://www.microsoft.com/blog/2026/updates,0
http://bit.ly/xY9zQ,1
https://netflix.com/search?q=news,0
https://bbc.com/search?q=news,0
https://www.nytimes.com/products/list,0
https://www.wikipedia.org/pricing,0
https://www.cloudflare.com/docs/api,0
http://cutt.ly/a1B2c3,1
http://bit.ly/a1B2c3,1
http://netflix-signin.account-center.top/signin,1
https://www.salesforce.com/products/list,0
https://docs.amazon.com/pricing,0
http://cutt.ly/Pk3mN,1
http://netflixverify.ru/index.php?cmd=_verify&user=user202&token=93238,1
https://www.linkedin.com/about,0
http://chase-signin.account-center.xyz/signin,1
https://dropbox.com/contact,0
http://tinyurl.com/Pk3mN,1
https://www.bbc.com/search?q=news,0
http://tinyurl.com/xY9zQ,1
https://docs.netflix.com/about,0
http://bankofamericaupdate.info/index.php?cmd=_update&user=user686&token=79604,1
http://paypallogin.xyz/index.php?cmd=_login&user=user47&token=94076,1
http://cutt.ly/a1B2c3,1
http://amazon-account.secure-check.buzz/account,1
http://96.114.196.20/apple/signin.php?session=3255,1
https://amazon.com/blog/2026/updates,0
http://cutt.ly/Pk3mN,1
https://amazon.com/contact,0
https://linkedin.com/,0
https://salesforce.com/,0
https://www.python.org/blog/2026/updates,0
https://amazon.com/about,0
http://wellsfargoconfirm.info/index.php?cmd=_confirm&user=user947&token=19744,1
http://149.94.188.34/netflix/signin.php?session=2476,1
http://chaseconfirm.ru/index.php?cmd=_confirm&user=user742&token=96057,1
https://www.netflix.com/search?q=news,0
https://nytimes.com/search?q=news,0
http://16.123.217.103/netflix/signin.php?session=7984,1
https://docs.reddit.com/help/faq,0
https://docs.bbc.com/user/settings,0
https://apple.com/products/list,0
http://microsoft-signin-support.com-signin.buzz/signin.html,1
https://mozilla.org/help/faq,0
http://paypal-account.verify-now.xyz/account,1
http://240.192.247.224/chase/signin.php?session=5742,1
http://appleaccount.xyz/index.php?cmd=_account&user=user597&token=96980,1
http://145.63.254.179/microsoft/webscr.php?session=4700,1
http://chaserecover.xyz/index.php?cmd=_recover&user=user269&token=44116,1
https://www.netflix.com/products/list,0
http://apple-confirm.account-center.ru/confirm,1
http://164.204.160.118/paypal/update.php?session=2029,1
https://www.netflix.com/user/settings,0
https://www.nytimes.com/docs/api,0
https://www.wordpress.org/docs/api,0
http://bankofamericasecure.ru/index.php?cmd=_secure&user=user565&token=11792,1
https://python.org/blog/2026/updates,0
http://cutt.ly/Pk3mN,1
http://applesignin.info/index.php?cmd=_signin&user=user421&token=57749,1
https://cloudflare.com/docs/api,0
http://130.117.96.16/apple/login.php?session=8916,1
http://amazon-webscr-online.com-webscr.top/webscr.html,1
https://reddit.com/docs/api,0
http://netflixsecure.ru/index.php?cmd=_secure&user=user630&token=79924,1
https://bbc.com/user/settings,0
https://docs.cloudflare.com/help/faq,0
http://97.173.155.155/bankofamerica/login.php?session=1647,1
https://microsoft.com/contact,0
https://amazon.com/about,0
http://27.148.130.55/netflix/confirm.php?session=3535,1
http://is.gd/Pk3mN,1
https://docs.bbc.com/blog/2026/updates,0
http://paypal-login-support.com-login.click/login.html,1
http://164.247.109.177/wellsfargo/account.php?session=5097,1
https://cloudflare.com/help/faq,0
http://wellsfargologin.top/index.php?cmd=_login&user=user532&token=37176,1
https://github.com/contact,0
http://59.192.24.112/amazon/update.php?session=2612,1
http://t.co/Pk3mN,1
https://www.salesforce.com/user/settings,0
http://paypal-secure-secure.com-secure.tk/secure.html,1
http://wellsfargorecover.ru/index.php?cmd=_recover&user=user846&token=91689,1
https://google.com/products/list,0
http://tinyurl.com/a1B2c3,1
http://microsoft-signin.secure-check.gq/signin,1
https://docs.nytimes.com/help/faq,0
http://paypal-account.verify-now.tk/account,1
http://bit.ly/xY9zQ,1
http://tinyurl.com/Pk3mN,1
http://netflix-update-secure.com-update.tk/update.html,1
http://paypal-signin-support.com-signin.xyz/signin.html,1
http://tinyurl.com/a1B2c3,1
http://bit.ly/a1B2c3,1
https://www.google.com/pricing,0
http://chaseverify.click/index.php?cmd=_verify&user=user862&token=24871,1
https://www.wikipedia.org/help/faq,0
https://docs.nytimes.com/pricing,0
http://microsoftsecure.top/index.php?cmd=_secure&user=user787&token=26912,1
https://www.bbc.com/help/faq,0
http://microsoft-signin-online.com-signin.tk/signin.html,1
https://docs.wordpress.org/pricing,0
https://www.amazon.com/pricing,0
http://171.66.96.245/microsoft/webscr.php?session=3500,1
https://www.bbc.com/docs/api,0
